{
    "project_info": {
        "project_number": "190081243526",
        "project_id": "web-engineering-project-cs1863",
        "storage_bucket": "web-engineering-project-cs1863.appspot.com"
    },
    "client": [{
            "client_info": {
                "mobilesdk_app_id": "1:190081243526:android:4814a4a05a067f6904f407",
                "android_client_info": {
                    "package_name": "com.example.complaint_portal_app"
                }
            },
            "oauth_client": [{
                    "client_id": "190081243526-2bfgj6npmoeiaqfv548p09a9qtlk6v72.apps.googleusercontent.com",
                    "client_type": 1,
                    "android_info": {
                        "package_name": "com.example.complaint_portal_app",
                        "certificate_hash": "7fe3874cebfdac1705ab997cec434bd086869ad1"
                    }
                },
                {
                    "client_id": "190081243526-9ihap4dgufvq4clu81laf95mgnpj8d8f.apps.googleusercontent.com",
                    "client_type": 3
                }
            ],
            "api_key": [{
                "current_key": "AIzaSyDh_302eWdNjWoOgb3VUQNL9jKiP44ldMk"
            }],
            "services": {
                "appinvite_service": {
                    "other_platform_oauth_client": [{
                        "client_id": "190081243526-9ihap4dgufvq4clu81laf95mgnpj8d8f.apps.googleusercontent.com",
                        "client_type": 3
                    }]
                }
            }
        },
        {
            "client_info": {
                "mobilesdk_app_id": "1:190081243526:android:49f11f842b90723f04f407",
                "android_client_info": {
                    "package_name": "com.example.iet_user_app"
                }
            },
            "oauth_client": [{
                    "client_id": "190081243526-aurg8fjun3frh4ji908q9ertciu6f9ci.apps.googleusercontent.com",
                    "client_type": 1,
                    "android_info": {
                        "package_name": "com.example.iet_user_app",
                        "certificate_hash": "bbe46844f562c95650b45acdab6477b7cd28423e"
                    }
                },
                {
                    "client_id": "190081243526-9ihap4dgufvq4clu81laf95mgnpj8d8f.apps.googleusercontent.com",
                    "client_type": 3
                }
            ],
            "api_key": [{
                "current_key": "AIzaSyDh_302eWdNjWoOgb3VUQNL9jKiP44ldMk"
            }],
            "services": {
                "appinvite_service": {
                    "other_platform_oauth_client": [{
                        "client_id": "190081243526-9ihap4dgufvq4clu81laf95mgnpj8d8f.apps.googleusercontent.com",
                        "client_type": 3
                    }]
                }
            }
        }
    ],
    "configuration_version": "1"
}